<core:FragmentDefinition xmlns="sap.m" xmlns:tnt="sap.tnt" xmlns:fm="sap.ui.layout.form" xmlns:core="sap.ui.core">
	<Table id="idProductsTable" sticky="ColumnHeaders,HeaderToolbar" inset="false" mode="MultiSelect"
		items="{ path: '/ProductCollection', sorter: { path: 'Name' } }" class="swcc-Table">
		<headerToolbar>
			<OverflowToolbar>
				<Title text="Requests" level="H2"/>
				<ToolbarSpacer/>
				<OverflowToolbar>
					<ToolbarSpacer/>
					<SearchField search="onSearch" width="17.5rem"/>
				</OverflowToolbar>
				<Button text="Approve" class="swcc-pmy-btn" press="onApprove"/>
				<Button type="Reject" class="swcc-sec-btn" text="Reject" press="onPress"/>
				<Button tooltip="Sort" icon="sap-icon://sort" press="handleSortButtonPressed"/>
				<Button tooltip="Filter" icon="sap-icon://filter" press="handleFilterButtonPressed"/>
				<Button tooltip="Group" icon="sap-icon://group-2" press="handleGroupButtonPressed"/>
				<ToggleButton icon="sap-icon://menu" tooltip="Enable Custom Context Menu" press="onToggleContextMenu"/>
			</OverflowToolbar>
		</headerToolbar>
		<infoToolbar>
			<OverflowToolbar id="vsdFilterBar" visible="false">
				<Text id="vsdFilterLabel"/>
			</OverflowToolbar>
		</infoToolbar>
		<columns>
			<Column width="12em">
				<Text text="Service ID"/>
			</Column>
			<Column minScreenWidth="Tablet" demandPopin="true">
				<Text text="Service Type"/>
			</Column>
			<Column minScreenWidth="Tablet" demandPopin="true">
				<Text text="SLA"/>
			</Column>
			<Column minScreenWidth="Tablet" demandPopin="true" hAlign="End">
				<Text text="Price"/>
			</Column>
		</columns>
		<items>
			<ColumnListItem vAlign="Middle">
				<cells>
					<ObjectIdentifier title="{Name}" text="{ProductId}"/>
					<Text text="{SupplierName}"/>
					<Text text="{Width} x {Depth} x {Height} {DimUnit}"/>
				</cells>
			</ColumnListItem>
		</items>
	</Table>
</core:FragmentDefinition>