<core:FragmentDefinition xmlns="sap.m" xmlns:tnt="sap.tnt" xmlns:fm="sap.ui.layout.form" xmlns:core="sap.ui.core" xmlns:l="sap.ui.layout">
	<IconTabBar id="idIconTabBar" select="" class="sapUiResponsiveContentPadding">
		<items>
			<IconTabFilter showAll="true" count="" text="Products" key="All"/>
			<IconTabSeparator/>
			<IconTabFilter icon="sap-icon://open-folder" iconColor="Positive" count="" text="Open" key="Ok"></IconTabFilter>
			<IconTabFilter icon="sap-icon://customer-history" iconColor="Critical" count="" text="Inprogress" key="Heavy"></IconTabFilter>
			<IconTabFilter icon="sap-icon://folder-full" iconColor="Negative" count="" text="Closed" key="Overweight"></IconTabFilter>
		</items>
		<content>
			<core:Fragment fragmentName="com.swcc.Template.fragments.TableFragments.TableView" type="XML"/>
		</content>
	</IconTabBar>
</core:FragmentDefinition>