<core:FragmentDefinition xmlns="sap.m" xmlns:tnt="sap.tnt" xmlns:fm="sap.ui.layout.form" xmlns:core="sap.ui.core">
	<fm:SimpleForm id="idAirportPassDetailsForm" title="{i18n>AirportPassDetails}" layout="ColumnLayout" class="style-RemoveTitleHeight"
		columnsM="2" columnsL="2" columnsXL="2" singleContainerFullSize="false" labelSpanXL="12" labelSpanL="12" labelSpanM="12" labelSpanS="12">
		<Label text="{i18n>TypeOfPass}" required="true"/>
		<Select id="idTypeOfPassSLT" selectedKey="{CreateAirpoPassModel>/cust_toAirportPassItem/cust_typeOfPass}"
			items="{ path: '/SF_PickListValueV2', sorter : { path : 'label_defaultValue' }, filters : [ { path : 'PickListV2_id', operator : 'EQ', value1 : 'cust_typeOfPass'} ] }"
			change="onTimeTyeChange">
			<core:ListItem key="{externalCode}" text="{label_defaultValue}" additionalText="{externalCode}"/>
		</Select>
		<Label text="{i18n>NationalID}" required="false"/>
		<Input id="idNationalIDInp" value="{CreateAirpoPassModel>/cust_toAirportPassItem/cust_nationalID}" enabled="false"/>
		<Label text="{i18n>DateofBith}" required="false"/>
		<DatePicker id="idDateofBithInp"
			value="{path:'CreateAirpoPassModel>/cust_toAirportPassItem/cust_dateOfBirth', type:'sap.ui.model.type.Date', formatOptions: { pattern: 'MM/dd/yyyy' }}"
			enabled="false"/>
		<Label text="{i18n>MobileNumber}" required="false"/>
		<Input id="idMobileNumberInp" value="{CreateAirpoPassModel>/cust_toAirportPassItem/cust_mobileNumber}" enabled="false"/>
		<Label text="{i18n>Nationality}" required="true"/>
		<Select id="idNationalityInp" showSecondaryValues="true" selectedKey="{CreateAirpoPassModel>/cust_toAirportPassItem/cust_nationality}"
			items="{ path: '/SF_Country', parameters:{select:'code,externalName_defaultValue,currency'}, sorter: { path: 'externalName_defaultValue', descending: false }, filters : [{ path : 'externalName_defaultValue', operator : 'NE', value1 : null }] }"
			change="onTimeTyeChange">
			<core:ListItem key="{code}" text="{externalName_defaultValue}"/>
		</Select>
		<Label text="{i18n>AirportLocation}" required="true"/>
		<Select id="idAirPortLocatonSLT" showSecondaryValues="true" selectedKey="{CreateAirpoPassModel>/cust_toAirportPassItem/cust_airportLoc}"
			change="onAirportLocationChange"
			items="{ path: '/SF_PickListValueV2', sorter : { path : 'label_defaultValue' }, filters : [ { path : 'PickListV2_id', operator : 'EQ', value1 : 'cust_airportLocation'} ] }">
			<core:ListItem key="{externalCode}" text="{label_defaultValue}" additionalText="{externalCode}"/>
		</Select>
		<Label text="{i18n>DomesticStationName}" required="true"
			visible="{= ${CreateAirpoPassModel>/cust_toAirportPassItem/cust_airportLoc} === 'Loc05' ? true : false}"/>
		<Input id="idDomasticStationInp" visible="{= ${CreateAirpoPassModel>/cust_toAirportPassItem/cust_airportLoc} === 'Loc05' ? true : false}"
			value="{CreateAirpoPassModel>/cust_toAirportPassItem/cust_domStationName}"/>
		<Label text="{i18n>PermitDate}" required="true"/>
		<DatePicker id="idPermitDate" change="fnValidateDateValue"
			value="{path:'CreateAirpoPassModel>/cust_toAirportPassItem/cust_permitDate', type:'sap.ui.model.type.Date', formatOptions: { pattern: 'MM/dd/yyyy' }}"/>
		<Label text="{i18n>PurposeofPermit}" required="true"/>
		<TextArea id="idPurposeofPermitInp" value="{CreateAirpoPassModel>/cust_toAirportPassItem/cust_permitPurpose}"/>
	</fm:SimpleForm>
	<fm:SimpleForm id="idAcknowledgeTextForm" layout="ColumnLayout" columnsM="1" columnsL="2" columnsXL="2" singleContainerFullSize="false"
		class="style-RemoveTitleHeight" labelSpanXL="12" labelSpanL="12" labelSpanM="12" labelSpanS="12">
		<Label text="{i18n>AcknowledgeText1}" required="true"/>
		<Select id="idAcknowledgeTextFirstSLT" selectedKey="{CreateAirpoPassModel>/cust_toAirportPassItem/cust_acknowledge1}"
			change="onTimeTyeChange">
			<core:Item key="Select" text="{i18n>Select}"/>
			<core:Item key="true" text="{i18n>Yes}"/>
			<core:Item key="false" text="{i18n>No}"/>
		</Select>
		<Label text="{i18n>AcknowledgeText2}" required="true" class="sapUiSmallMarginBottom"/>
		<Select id="idAcknowledgeTextSecondSLT" selectedKey="{CreateAirpoPassModel>/cust_toAirportPassItem/cust_acknowledge2}"
			change="onTimeTyeChange">
			<core:Item key="Select" text="{i18n>Select}"/>
			<core:Item key="true" text="{i18n>Yes}"/>
			<core:Item key="false" text="{i18n>No}"/>
		</Select>
	</fm:SimpleForm>
</core:FragmentDefinition>